"","id","sex","tg","ldl","hdl","tc","age","bmi"
"1",55916,0,6.93333333333333,4.56888888888889,2.11111111111111,8.06666666666667,17.7111567419576,18.3207369650851
"2",55917,1,5.67777777777778,5.16444444444444,1.82777777777778,8.12777777777778,17.3716632443532,18.298376835459
"3",55903,0,4.61645299145299,5.05703192956044,2.16416416416417,8.14448669201522,17.2731006160164,20.4773835477552
"4",56032,1,11.2625534188034,6.57638475159861,1.25475475475476,10.0836501901141,17.2566735112936,33.6070119598765
"6",55896,1,3.67777777777778,5.63666666666667,1.14444444444444,7.51666666666667,17.1279945242984,28.0412269839228
"9",55882,1,3.83888888888889,4.69333333333333,1.53888888888889,7,16.7693360711841,28.5004026469661
"10",55914,0,6.24813034188033,3.55390750321834,2.37137137137137,7.17490494296578,16.7912388774812,23.2681985639273
"11",55965,1,1.95,4.68777777777778,1.87777777777778,6.95555555555556,16.7529089664613,26.7206599951268
"12",55989,0,2.8,7.05111111111111,1.62222222222222,9.23333333333333,16.6652977412731,21.4885426137815
"13",55973,0,3.4,4.50333333333333,2.63888888888889,7.82222222222222,17.0102669404517,24.7896945909626
"14",56037,0,3.50213675213675,4.59802890050038,3.55705705705706,8.85551330798478,16.684462696783,15.8232737910865
"15",56015,0,3.11666666666667,7.29888888888889,2.59444444444444,10.5166666666667,16.6324435318275,23.7823212628498
"16",56014,1,1.98985042735043,4.8737275694516,1.86048625312429,7.132183908046,16.72553045859,20.2398453196619
"17",55999,0,5.54444444444444,4.51888888888889,1.26666666666667,6.89444444444444,16.6297056810404,19.8968822450604
"19",55983,1,3,4.46111111111111,2.03333333333333,7.09444444444444,16.5667351129363,18.6305921442981
"20",56000,0,5.81111111111111,5.66555555555556,3.21111111111111,10.0388888888889,16.6570841889117,24.8040943744824
"21",55984,0,4.96666666666667,4.73186536367284,1.98884239888424,7.71404109589039,16.6379192334018,19.6982738316997
"23",56049,0,3.2181922855498,5.82834449149661,2.97409548276601,9.44607843137256,17.6043805612594,23.6343499070448
"24",55969,0,2.28888888888889,4.17,2.48333333333333,7.11111111111111,16.6379192334018,27.8447316807838
"25",55970,0,3.38333333333333,3.64,2.17222222222222,6.48888888888889,16.6269678302532,20.1300241185196
"27",56178,0,4.00392512077294,4.54651059105479,2.19688109161793,7.54417670682733,17.0951403148528,19.7194838834122
"28",56001,1,4.96666666666667,4.27333333333333,2.55555555555556,7.82222222222222,16.5667351129363,25.6566571098033
"29",56034,0,3.01666666666667,2.83555555555556,3.42777777777778,6.86666666666667,16.5119780971937,23.0055588942308
"31",56051,1,4.45726495726495,9.06275412448461,2.51897296069075,12.4731800766283,16.4818617385353,22.5527960181251
"32",55971,1,3.18062397372742,4.60333036024524,1.90180878552972,7.14126394052044,16.5503080082136,21.9911501597084
"33",56026,0,15.1141514648977,7.519770056788,1.58696169402808,12.1295620437956,16.6269678302532,33.3383723859914
"34",56120,0,2.79691422231468,8.2992515568095,1.54692115428312,10.4055555555556,16.7091033538672,27.6134576460863
"35",56124,0,4.76036798187828,5.76378643543528,2.89525107930016,9.61111111111111,16.7227926078029,23.1521102653034
"36",56073,0,7.69444444444444,4.86881625649343,3.16700749829584,9.57471264367817,16.4380561259411,21.1582929298311
"37",56068,0,4.22886473429952,7.91316338325589,2.81335282651072,11.5722891566265,16.7310061601643,22.1644621212423
"38",56108,1,2.86538461538462,7.79854316326711,2.01726880254488,10.3888888888889,16.4161533196441,21.2295659023454
"39",56220,1,5.54696449026346,5.29366463615238,1.67890967890968,8.08196721311478,16.7967145790554,31.4955489680166
"40",56149,1,3.71219931271478,5.11409573989429,2.92215292215292,8.77868852459017,16.7857631759069,19.1016367065237
"41",56099,1,7.79853801169589,9.79377879221867,2.03401360544218,13.3875,16.7912388774812,24.5510584950594
"42",56236,1,6.63190383365822,5.37115666431642,1.37746256895193,8.075,16.8158795345654,25.7074691710169
"43",56075,0,5.01023391812866,5.70651330707722,1.36643990929705,8.075,16.7583846680356,18.3183922770862
"45",56063,0,4.50194931773879,5.01631620422214,1.44996059889677,7.36666666666667,16.7474332648871,26.1502942777208
"48",56212,1,3.67521367521368,5.30473639500009,1.79355420329051,7.83333333333333,16.9144421629021,20.5450911226841
"50",56260,1,3.31111111111111,6.23488607263122,2.05576055760558,8.952868852459,16.5147159479808,23.2524102244507
"51",56223,0,5.42194444444444,5.11123095665383,2.68757687576876,8.8831967213115,16.5092402464066,19.9469261990962
"52",56208,0,3.39092140921409,8.25840575647133,2.2911877394636,11.2277777777778,16.6899383983573,21.4972813184192
"53",56240,0,8.25396825396828,6.05739887352789,2.21402969790067,9.92222222222222,16.7310061601643,26.5850991669044
"54",56185,1,3.93162393162393,7.22149903285806,1.86612576064909,9.87394957983194,16.6899383983573,26.0022817799878
"55",56218,1,4.09552845528455,4.90064249406105,1.49344625932648,7.21319444444444,16.5448323066393,26.2590181237915
"56",56287,0,3.07832422586521,4.98878988640341,3.13709116214336,8.74154589371983,16.6516084873374,19.2520498419527
"57",56203,0,2.86324786324786,4.96849792083058,1.89722785665991,7.43837535014006,16.5859000684463,21.1169909266863
"58",56268,0,4.69641772920462,5.83274427984261,1.60055671537926,8.37258454106278,16.6242299794661,24.6750769481672
"59",56219,0,3.67521367521368,4.08482429222794,2.32228983547442,7.14215686274511,16.5503080082136,16.8323879668491
"60",56309,0,10.6613756613757,5.59039693250222,1.47435897435897,9.19703103913628,16.6899383983573,29.1435334906449
"62",56302,0,2.36857825567503,4.34992307010005,2.73643879814479,7.56007751937983,16.5831622176591,22.1260524606156
"64",56271,1,5.31375935521013,5.88219001065606,1.34917576536074,8.29411764705883,16.517453798768,25.7217085130156
"65",56294,0,2.43235463442717,5.64575383199694,2.68850353243417,8.8207282913165,16.5420944558522,19.9711033496917
"66",56265,0,5.20171957671958,5.12289894965334,2.30436847103514,8.46761133603239,16.5831622176591,41.0557607875136
"68",56335,0,4.03823178016727,7.948595525066,2.02218189151038,10.7784237726098,16.5366187542779,24.4826508521557
"69",56297,0,13.3572281959379,6.73832963433439,1.30792498487598,10.7177002583979,16.5147159479808,27.5723208415516
"71",56336,0,6.06666666666667,7.54910239610139,2.25888210002263,11.0213178294574,16.5886379192334,25.0215106510846
"72",56304,1,2.52944188428059,5.34135214429745,2.48148148148148,8.32872200263506,16.5776865160849,21.6349329241854
"73",56344,0,3.06195596518177,3.94517724496687,2.93518518518518,7.49275362318839,16.5448323066393,19.8573538190844
"74",56345,0,2.29646697388633,3.88501929736151,3.05555555555556,7.39986824769433,16.539356605065,24.5022394519929
"76",56257,0,2.46287762416794,2.87226856827137,3.69444444444444,7.05928853754939,16.5037645448323,24.0112708443822
"77",56312,1,4.55965181771633,5.807730008291,2.25925925925926,8.97891963109356,16.5092402464066,21.3533428494271
"78",56502,0,2.82898105478751,5.838463780259,2.38888888888889,8.79314888010539,16.5256673511294,17.9403972734464
"79",56503,1,2.47619047619048,4.47197273326672,1.89454627743833,6.86175710594317,16.5639972621492,20.9692433746734
"80",56339,0,3.61111111111111,4.97136784196049,1.6343669250646,7.32795698924733,16.5256673511294,41.702548311641
"81",56267,0,2.71895424836601,4.73989633946146,2.36676676676677,7.65045395590144,16.5065023956194,27.4024709338076
"82",56405,0,6.11764705882356,5.68651604224961,1.68528528528528,8.59533073929961,16.5092402464066,27.1224211560754
"83",56457,1,2.83879254977521,4.87800675478833,1.71613949716139,7.16190476190478,16.5475701574264,26.8346985927326
"84",56348,1,2.26318484383001,4.29761921627279,2.18518518518518,6.935441370224,16.4134154688569,23.7380262864781
"85",56381,1,2.84640522875817,3.9219288411781,2.36676676676677,6.8579766536965,16.5037645448323,19.9625526685342
"86",56323,1,2.64814814814815,6.62015256363083,1.51951951951952,8.66930171278,16.6105407255305,31.100304833793
"87",56380,1,5.13487475915222,5.38065866122548,1.58556366585564,7.99319727891155,16.5256673511294,21.8476055825606
"89",56607,0,3.65625,4.75859942131579,2.96104961049611,8.45089903181189,16.5612594113621,36.5615922645851
"90",56374,0,3.02867383512545,6.08856554416383,2.81309216192937,9.50739247311828,16.4955509924709,22.142467809184
"91",56412,1,4.37581699346405,4.69067169710338,1.26166166166166,6.82749675745783,16.4818617385353,25.1646435950413
"92",56420,0,4.11589008363202,6.27966192937122,2.27820844099914,9.38104838709678,16.4955509924709,27.5935562130848
"93",56382,0,2.13055555555556,5.57813432808217,1.67488841907447,7.67913385826772,16.8377823408624,22.1846694548246
"94",56357,1,2.75529865125241,3.42254538089373,2.22911597729116,6.20272108843539,16.5147159479808,18.4474552083605
"95",56623,1,13.7952559300874,4.06752148266045,1.52091767881242,8.34749034749033,16.5667351129363,24.4837580002415
"96",56365,0,6.25925925925928,5.54781342607429,3.10810810810811,9.90777338603428,16.5831622176591,25.124303590286
"97",56429,1,3.11778992106861,5.08802761916044,2.2441435632925,7.95572916666667,16.5831622176591,22.3290217950239
"99",56438,1,3.08364544319601,3.2363443433816,1.89338731443994,5.74646074646072,16.4955509924709,24.2535609934259
"100",56415,0,6.06666666666667,5.97855786639189,2.43015604436924,9.6220472440945,16.5284052019165,29.4190822735646
"101",56359,1,3.96437198067633,7.10418484798278,2.23485838779957,10.1319176319176,16.5859000684463,28.0492225409102
"103",56351,1,6.31944444444444,5.15113273171649,1.41831171272796,7.83333333333333,16.5201916495551,20.8855026906069
"104",56383,1,5.2,4.68528470954667,1.52209061853732,7.247375328084,16.5147159479808,24.5774841330654
"105",56387,0,5.36733454766242,5.04154919231042,2.42209327315711,8.537109375,16.5284052019165,25.7475685876034
"106",56407,0,4.74719101123596,4.83052799877164,1.84165542060279,7.62162162162161,16.4736481861739,21.5639002340166
"108",56423,1,4.98490338164251,5.35366576843559,1.57342047930283,7.92406692406694,16.5503080082136,24.4315672967132
"111",56361,0,4.42176870748299,5.54326837994317,2.26377952755906,8.69140164899883,16.6680355920602,28.7899446562917
"112",56669,1,4.10353535353536,3.86858891916913,2.69823788546256,7.38753387533878,17.0075290896646,21.436216819972
"115",56685,1,4.18803418803419,4.47530074730213,1.99381510416667,7.30672268907561,16.8925393566051,30.0822021523985
"117",56363,0,2.24137931034483,5.92361184729644,1.64944562396792,8.02133333333333,16.5530458590007,19.9791883454735
"118",56386,0,6.15489874110561,6.69169493920517,2.07265864590706,9.99533333333333,16.5530458590007,29.1571585628366
"119",56410,0,6.13888888888889,5.17802211827115,2.50692976274372,8.91272965879267,16.6269678302532,22.2095922152542
"120",56371,1,5.59644059644061,7.15326090031972,1.12745098039216,9.4,16.684462696783,26.8926540596621
"121",56395,1,3.87794198139026,5.611894972441,1.79051663128096,8.178,16.5420944558522,31.6890435482474
"122",56418,1,14.9603174603174,6.67617519541506,1.23753280839895,10.9057714958775,16.5667351129363,34.8229612332998
"123",56419,1,4.06445406445407,7.35630853351439,1.23080065359477,9.4,16.6598220396988,23.3705907969226
"124",56468,1,3.46371882086168,5.36234343120033,1.97200349956256,8.02709069493522,16.5776865160849,25.4877256056946
"125",56460,0,3.57426303854875,4.33384139387927,2.31408573928259,7.36277974087161,16.5749486652977,23.0340874531266
"126",56500,0,4.76666666666667,5.83539907405867,2.03147756636129,8.82020997375328,16.6160164271047,23.4410863051924
"127",56445,1,2.87414965986394,4.70258923338773,1.67016622922134,6.94758539458183,16.5338809034908,19.9799968043605
"128",56485,0,1.98611111111111,5.5651422205945,1.90180878552972,7.86417322834644,16.580424366872,23.6023584575859
"129",56470,1,3.97065897065897,5.82769500325383,2.24550653594771,8.86733333333333,16.5886379192334,26.7246039953283
"130",55957,1,6.21862907683806,4.66792184332596,2.68141803473709,8.59306569343067,17.5523613963039,21.7210483887451
"131",55949,0,4.3,3.99555555555556,2.65555555555556,7.51111111111111,17.4976043805613,25.1397141622532
"132",55870,0,2.93596059113301,5.9676133061215,1.53441390650693,8.089219330855,17.4784394250513,19.9696854605474
"135",55958,0,4.98313985627418,5.21777006907437,2.25458006186058,8.46897810218978,17.4893908281999,26.4098569315783
"136",55934,0,6.89814814814817,3.94251992498828,2.24285044538209,7.565,17.5167693360712,24.1043027056496
"137",55906,1,7.3305693753455,3.76654187646667,2.41418439716312,7.64684014869889,17.4757015742642,18.6574683830671
"138",55878,0,7.38288288288289,4.33358817635771,2.22408182240818,8.03424657534244,17.4948665297741,38.7717121588089
"139",55911,0,4.16055846422338,6.86175444949472,2.97979797979798,10.6736641221374,17.3579739904175,19.4638234787599
"140",55943,0,6.58927584300717,6.23422283679461,3.34940898345154,10.9014869888476,17.3853524982888,21.5021291782262
"141",55880,1,6.50087260034906,3.11886318522744,2.39393939393939,6.81297709923667,17.3333333333333,21.4549423479296
"142",55904,1,7.1246545052515,9.17803956130478,2.79479905437352,13.3977695167286,17.2867898699521,23.4609588439739
"143",55930,1,3.29463792150359,5.45335852922719,2.57730496453901,8.68959107806689,17.3388090349076,20.3393948948661
"144",55959,1,3.12990602542841,3.89858135478495,2.4903073286052,7.01486988847583,17.3251197809719,19.9497476521601
"145",55872,1,4.66219667943806,4.48928358956949,1.9732770745429,7.395,17.3333333333333,23.167841617757
"146",55913,0,3.94386271087842,5.94071700983294,2.64646464646464,9.37595419847328,17.2292950034223,24.82421875
"147",55873,0,2.90197956577267,1.88328903761902,2.74964838255977,5.21333333333333,17.2457221081451,27.6061061281478
"149",55897,1,4.09131545338442,2.27484755161097,2.09188935771214,5.185,17.242984257358,19.4578108699052
"151",56007,1,7.30555555555556,4.7,1.69444444444444,7.85555555555556,17.0376454483231,24.5913682277319
"152",55955,1,6.30099502487561,4.68588973978482,2.83829787234043,8.78438661710039,17.0951403148528,24.4545214786473
"153",55972,1,5.2,5.45847927397596,2.29040961491293,8.78888888888889,17.2867898699521,24.1003460207613
"154",55964,0,0.915331196581194,4.78838225593171,2.17222222222222,7.49042145593872,16.9308692676249,25.0342935528121
"155",56036,1,2.83074265975821,7.30608656249233,3.04289405684754,10.9151291512915,17.0814510609172,21.1879611691297
"156",56056,0,4.22166666666667,5.41002740175354,1.55108673573024,7.80544747081711,17.0184804928131,17.3082673198078
"157",56009,1,4.90368357487923,3.32055617588584,2.25292397660819,6.55421686746989,16.8788501026694,19.0592443459977
"158",56033,1,4.22777777777778,3.48222222222222,3.33333333333333,7.66111111111111,16.870636550308,24.4218796974194
"159",55979,0,2.33333333333333,6.42777777777778,3.12777777777778,10.0222222222222,16.788501026694,21.8195266272189
"161",56019,0,2.04810996563574,5.88499956401883,3.18238993710692,9.47701149425289,16.8569472963723,18.4796586743585
"162",56113,0,7.29639175257733,4.24762221736971,2.23945958537153,7.94636015325672,16.8459958932238,20.896714027748
"163",56132,1,3.75486827033219,5.62026420708683,1.57512229210342,7.94636015325672,16.8377823408624,20.1499163973852
"164",56143,1,14.2791666666667,8.56584744279072,1.24752074478851,12.6692015209126,16.8432580424367,39.4053141790831
"165",56077,0,5.38055555555555,7.95340447316356,1.31268973891925,10.3422053231939,16.8350444900753,19.7248348045085
"166",56117,0,4.60824742268041,4.35154710423428,3.01778701778702,8.29098360655739,16.8213552361396,23.7912182328128
"167",56106,1,6.51928612550372,7.18115448170355,1.57553516819572,10.060546875,16.8021902806297,24.7983958346349
"168",56093,0,2.85607537361923,6.12872582362133,1.65839243498818,8.35833333333333,16.8651608487337,20.6374990014113
"169",56172,1,3.03888888888889,4.7981320861678,1.78367346938776,7.18958333333333,16.8186173853525,19.2281456395605
"170",56151,1,3.32817869415808,4.92863886363971,2.34834834834835,7.94262295081967,16.7967145790554,20.2802342245302
"171",56251,0,3.26972222222222,3.76237607121973,3.17794177941779,7.59426229508194,16.9034907597536,28.1859715130341
"172",56109,0,3.45618556701031,5.38120796723974,1.87017787017787,7.94262295081967,16.829568788501,33.3018303454132
"173",56070,0,5.76055880441844,7.51211203738267,2.10244286840032,10.7666666666667,16.7830253251198,22.1392753569184
"174",56086,1,6.27368421052633,5.79295306719178,1.70022675736962,8.74791666666667,16.7693360711841,24.792007751679
"175",56197,0,3.64222222222222,6.41118631661728,2.30094300943009,9.44057377049178,16.8021902806297,19.6192725602709
"176",56229,0,7.69688109161794,8.58941613786239,1.55870764381403,11.6875,16.7392197125257,38.9545620471161
"177",56198,1,5.02032520325203,5.18086765747422,1.28937285743093,7.47430555555555,17.0075290896646,30.2877158704658
"178",56127,1,3.76638888888889,5.69978592971733,1.66839378238342,8.12145748987855,16.6598220396988,16.2748071334514
"179",56228,1,6.41527777777778,7.26216488671972,1.60660142007292,10.1518218623482,16.621492128679,28.1730570784125
"180",56230,0,3.93194444444444,7.79727211165556,1.86715867158672,10.4508196721312,16.6160164271047,17.5408874490355
"183",56206,1,5.25641025641026,5.68179853727522,1.26481857110661,7.99789915966389,16.829568788501,29.821463254834
"184",56231,1,2.52472222222222,4.33972029318654,2.01804018040181,6.86270491803278,16.5831622176591,21.392627789405
"186",56225,0,4.01709401709402,4.68526402603482,3.06874013973406,8.55742296918767,16.7008898015058,25.0138573948098
"187",56233,0,3.25396825396826,4.84892342739565,2.36625514403292,7.86597222222222,16.6351813826146,25.2165658004035
"188",56177,1,2.64957264957265,4.44808701553123,1.83502366463827,6.81302521008406,16.7364818617385,19.9154178439356
"189",56202,1,2.79861111111111,5.88726787935939,1.58299595141701,8.02998605299861,16.7227926078029,20.9100950858569
"191",56308,1,6.15384615384617,4.06518363313495,2.20824881676809,7.50420168067228,16.5229295003422,36.9269754943782
"192",56250,0,4.19791666666667,5.37312725980007,2.47278452541611,8.6854951185495,16.6954140999316,27.4286220807307
"194",56286,0,3.13822751322751,5.6872442859285,2.85042735042735,9.16531713900133,16.5859000684463,23.213829020044
"198",56272,1,3.52513227513227,5.25261337103442,3.11253561253561,9.0701754385965,16.539356605065,16.9997490668015
"199",56273,1,6.57738095238094,5.86008736228033,2.05318138651472,9.22874493927128,16.5366187542779,23.1041088651077
"200",56289,1,2.06349206349206,5.44760754543363,3.67592592592593,9.53623188405794,16.5284052019165,18.1378210577538
"203",56306,0,3.46666666666667,5.05133917456935,2.15034061545689,7.89501312335955,16.8815879534565,25.0922485483727
"204",56397,0,4.11589008363202,6.97718700508461,2.65460809646856,10.4549731182796,16.5503080082136,25.6716397128953
"205",56291,0,5.50694444444444,4.77449980775741,1.69741697416974,7.57330567081606,16.5968514715948,23.5003544176417
"206",56299,0,3.78104575163399,5.54228116878609,1.96156156156156,8.26005188067444,16.5201916495551,19.6810332115912
"208",56275,1,8.02941176470589,6.71194286527317,1.74054054054054,10.0583657587549,16.5147159479808,29.4250922431802
"209",56390,0,5.15293383270911,5.64400164488867,2.33828160143949,9.01287001287,16.5557837097878,29.6293697416664
"210",56259,1,3.01269841269841,4.95281589090901,1.48857207513012,7.04392764857883,16.5448323066393,25.9941646034734
"211",56389,1,4.09259259259259,4.54699126003474,1.50800800800801,6.87351778656128,16.5366187542779,26.1168458844732
"212",56605,1,9.35336976320583,4.51740816507858,1.38405329894692,7.77213541666667,16.621492128679,33.1262689040027
"213",56356,0,2.5679012345679,5.05793197677256,3.40740740740741,8.97891963109356,16.5201916495551,22.0755575785162
"214",56426,1,2.47503121098627,3.3811437655317,1.7795771479982,5.65572715572717,16.4791238877481,21.9448433410806
"215",56298,0,2.50653594771242,3.88313951397037,2.80880880880881,7.19325551232167,16.5311430527036,24.5111191879151
"216",56430,1,5.88611111111111,4.54659360367602,1.67775897725136,7.40157480314961,16.5092402464066,22.0920238434469
"217",56360,1,3.84661835748792,5.94318211159644,1.39302832244009,8.10553410553411,16.5503080082136,21.8741518809419
"218",56385,0,3.32222222222222,6.39668408220133,2.63299663299663,9.69412515964239,16.4736481861739,20.3057052229307
"220",56376,1,5.51851851851852,5.4369417989418,1.32402116402117,7.86466666666667,16.5886379192334,31.862436182453
"221",56538,0,6.179012345679,5.27648056488636,2.09509509509509,8.60737812911728,16.4572210814511,22.3657830251726
"222",56369,1,4.12698412698413,4.89187139824083,2.11606510969568,7.83333333333333,16.5968514715948,23.3446452119223
"223",56353,1,4.47777777777778,5.28418824257905,2.34388327721661,8.52362707535122,16.5311430527036,25.5634212236244
"224",56417,1,2.55371393492941,6.13798390050822,1.93063839187099,8.57936507936505,16.5941136208077,22.1606648199446
"225",56441,1,4.46899938612646,5.38731896527526,2.20499226861056,8.48611111111111,16.5941136208077,19.9094104921579
"226",56354,0,2.39388264669163,4.68108023502663,2.19191919191919,7.35177595628417,16.952772073922,19.0152857009428
"227",56411,1,3.39165131982812,6.14974756535478,2.09321846697592,8.92129629629628,16.5557837097878,17.6157132161888
"228",56451,1,4.26229508196721,5.47786974534805,1.79193899782135,8.12226775956283,16.8021902806297,20.1743221950984
"229",56393,1,12.0740740740741,5.46007407407407,1.43111111111111,9.306,16.5557837097878,33.4241838060256
"230",56452,1,2.79312461632904,5.55565369076428,1.62580075104926,7.74007936507939,16.539356605065,20.2363469663003
"231",56476,0,5.1218820861678,5.73777080552967,1.90157480314961,8.66372202591283,16.5612594113621,23.2514487766356
"232",56408,0,5.84842995169083,5.22373516190652,1.98431372549019,8.37773487773489,16.5448323066393,20.6138587087907
"233",56539,1,8.52059925093633,4.47327568991319,1.36700336700337,7.54439890710383,16.8651608487337,32.5385256143274
"235",56506,1,6.75213675213678,3.38903015132335,2.07356770833333,6.81302521008406,16.7802874743326,19.2104370924415
"236",56511,1,3.12650312650313,6.71386277339217,1.84150326797386,9.18066666666667,16.5776865160849,21.7234594582101
"237",56455,0,5.90158730158728,4.93355184748044,1.65335994677312,7.767229254571,16.7392197125257,26.4023545706371
"238",56453,1,3.42687074829932,4.69055677416901,2.59580052493438,7.97173144876328,16.5475701574264,18.1695555272479
"239",56519,1,5.15873015873016,5.68376050420167,1.58782679738562,8.30333333333333,16.5503080082136,21.9478737997257
"240",56480,0,3.6941251596424,6.05442209450828,2.64008620689655,9.43333333333333,16.7173169062286,25.3043395027889
"241",56471,0,3.77713920817369,5.53746008939974,1.97377873563218,8.26666666666667,16.7118412046543,20.6758084497416
"242",56597,0,3.56960408684547,5.06905332056194,2.2503591954023,8.03333333333333,16.7118412046543,21.9816311622208
"243",56447,0,3.69318181818182,7.04052925841633,2.56975036710719,10.3489159891599,16.8268309377139,20.653114370658
"245",56491,1,5.49873737373737,6.14554314727883,1.96644042232278,9.21173104434905,16.7720739219713,30.6154917828364
"246",56515,1,3.15725561627201,4.84743800373823,2.03340595497458,7.51229508196722,16.807665982204,19.5010741240949
"247",56523,0,3.43351548269581,3.37084211340881,3.03740014524328,7.09494535519128,16.7912388774812,27.9409023482106
"248",56552,0,5.08379888268157,4.44230591417188,2.56928838951311,8.02835408022128,16.829568788501,19.7871550602116
"249",56735,0,3.79267535692117,4.76753452004971,3.11985018726592,8.64591977869989,16.829568788501,28.4672800649863
"251",56565,0,10.2482929857232,4.63932457223389,2.41198501872659,9.10096818810511,16.7939767282683,29.5802172378225
"253",56557,0,4.38069216757741,6.45604604926367,2.42737835875091,9.75956284153006,16.7529089664613,26.1015286979791
"254",56522,1,5.37563131313131,3.54090407159392,2.30957767722473,6.92560801144494,16.788501026694,22.1944721262336
"255",56580,1,6.06507059545733,5.14243923694119,2.68922018348624,9.04467353951889,16.7830253251198,21.5978001912134
"256",56558,0,5.38674033149171,4.89723735568848,2.02025993883792,7.99484536082472,16.7583846680356,30.1164761065045
"257",56589,1,7.22222222222222,5.58750144498039,3.27790519877676,10.3098510882016,16.7474332648871,23.8714969760972
"258",56583,0,4.64018422567646,6.76348462361722,2.14499252615844,9.83651399491094,16.8186173853525,24.6820346876223
"260",56645,1,2.89661319073084,4.44945490704032,2.27401129943503,7.3027888446215,16.7337440109514,18.2897634779278
"262",56574,0,5.2048417132216,8.50939142548783,2.28089887640449,11.8312586445367,16.7364818617385,22.9058365227259
"263",56600,1,3.16696375519905,6.50483963016983,1.63135593220339,8.769588313413,16.7091033538672,24.7057720833945
"264",56687,1,3.40593434343434,5.69131351931261,3.21218795888399,9.58468834688344,16.5147159479808,16.5519608189272
"266",56692,1,3.12714776632302,4.37956142514177,2.26070950468541,7.26570048309178,16.8104038329911,16.3777028367387
"268",56660,1,2.65687967760507,4.01527281674681,2.62892376681614,7.17557251908394,16.6872005475702,21.9775217061943
"269",56622,1,3.25561312607945,4.06365618330543,2.13191330343797,6.84669211195928,16.684462696783,22.2153611120017
"271",56608,0,3.85185185185185,7.47471166471483,2.56435643564357,10.8094384707288,16.8377823408624,33.1708372623823
"273",56625,0,3.40476190476191,5.25688548885611,2.54125412541254,8.479091995221,16.8323066392882,20.5052139362931
"274",56636,1,3.46219931271478,3.85079830752863,1.95615796519411,6.49939613526572,16.7583846680356,21.9158563538106
"275",56601,0,9.95,7.22222222222222,2.51111111111111,11.7333333333333,16.6762491444216,25.2665515915611
"276",56585,1,4.91798941798942,4.33445811555042,2.00990099009901,7.32795698924733,16.7748117727584,26.8655306385139
"277",56562,0,4.69072164948454,4.80342339025908,2.12014725568942,7.86171497584539,16.7282683093771,31.2468115498419
"279",56547,1,3.35735735735736,4.53988715132915,2.77203856749311,7.98339719029372,16.6735112936345,20.4387431922887
"280",56577,1,2.06906906906907,7.29569374875017,2.4948347107438,10.2043422733078,16.6735112936345,20.0984277975955
"281",56587,1,3.01783264746228,4.34872372451471,3.15209267563528,8.10438292964244,17.5523613963039,18.7836211164968
"283",56610,0,4.26597582037997,3.16303541901224,3.63771343726801,7.65394402035622,16.8021902806297,18.1513058909764
"286",56663,1,2.96696696696697,5.14658446528537,1.71568627450981,7.45566413318855,16.8925393566051,28.1366192240996
"287",56720,1,4.71502590673575,4.60943819012578,3.11804008908686,8.67048346055978,16.7720739219713,18.4212885900702
"288",56702,0,9.09609609609611,3.12823616742982,2.4250936329588,7.37254901960783,16.7802874743326,21.2620027434842
"289",56716,1,3.98603521554341,4.44383960101171,1.92172897196262,7.162775616083,16.7200547570157,22.2364553253061
"290",56686,0,3.16216216216216,6.48367378204033,2.43872549019608,9.55483170466883,16.9418206707734,21.6978007278764
"291",56656,1,2.50719631548647,4.1604684537969,2.96213808463252,7.62404580152672,16.6899383983573,19.756302411749
"292",56640,0,5.1358024691358,4.52518296739854,3.70259481037924,9.25493827160494,16.7857631759069,22.5275924579192
"293",56679,1,3.46666666666667,2.95035569897259,2.54052149400987,6.18421052631578,17.1553730321697,22.9587557258832
"294",56665,0,4.7524467472654,3.92087591233874,3.26095025983667,8.1323155216285,16.6652977412731,23.598820058997
"295",56657,1,15.1471471471472,6.69997807733006,1.96078431372549,11.690191820485,16.8323066392882,29.7440703978536
"296",56721,0,5.68796776050661,6.22831570624489,3.24795842613214,10.6138676844784,16.643394934976,20.8459079589231
"297",56705,1,5.89489489489489,8.29708071742944,1.96078431372549,11.4368440101339,16.8268309377139,23.6559345915326
"298",56647,0,6.05105105105106,4.79188276181006,2.75280898876404,8.75490196078433,16.7857631759069,17.6842581117019
"299",56644,1,8.6185185185185,3.62828744400348,2.09654686398872,7.44853801169589,17.138945927447,34.8221474093937
"300",56671,0,4.41358024691358,5.18635691579803,1.85129740518962,7.92037037037039,16.7912388774812,24.9452722265377
"301",56719,0,2.74444444444444,2.92037535699714,2.57751937984496,6.046783625731,17.1553730321697,23.1895364972111
"302",56674,1,5.54819720382634,4.42223867010521,2.66129032258064,8.19316843345111,17.2703627652293,24.0751427691371
"304",56642,1,2.88888888888889,4.56457069255498,2.13235294117647,7.27470141150922,16.8405201916496,23.1317926887292
"307",56750,0,4.44069069069069,4.0871304832423,2.37017543859649,7.34544405997694,17.0458590006845,25.2038949827648
"308",56790,1,3.10185185185185,3.24754015793355,3.56025039123631,7.42816091954022,17.1252566735113,20.7065996764709
"310",56767,0,2.80036133694671,2.70376401207194,4.21590909090909,7.47974537037039,17.1006160164271,19.7822205104863
"311",55920,0,6.25981205085683,4.69658443612918,2.42505910165484,8.37360594795539,17.2950034223135,33.6335130616385
"312",55912,1,2.30624654505252,5.66422328529561,3.49131572686177,9.61678832116789,17.3251197809719,17.8850304897786
"313",55921,1,6.35375375375378,5.08116743957805,1.50767085076708,7.85958904109589,17.3114305270363,20.3458462653661
"314",55937,0,2.09323116219668,3.67677570848893,3.29957805907173,7.395,17.2950034223135,17.6468329933391
"315",55952,0,5.59075043630017,7.44286078481955,2.24242424242424,10.8034351145038,17.223819301848,20.4904036609521
"316",55961,1,3.53841851004322,7.64577005850033,1.64099068393547,9.99444444444444,17.2950034223135,22.3292268771851
"317",55953,0,5.30857487922705,6.03982406319361,2.35019841269841,9.45173745173745,17.2758384668036,22.4217237643632
"318",55890,0,3.37409420289855,3.83827907876821,2.24751984126984,6.76061776061778,17.2511978097194,23.3561625085501
"319",56175,0,10.4371980676328,2.97497994889299,2.19047619047619,7.25289575289578,17.0924024640657,20.9429894618491
"320",55947,1,7.29130685089233,4.46968756047363,2.25839793281654,8.18634686346861,17.1581108829569,22.4081789853296
"321",55988,1,3.73399758454106,4.59253982243113,2.37301587301587,7.71235521235522,17.1307323750856,20.7200821300881
"322",55883,1,2.57340241796201,5.59052084749067,3.30439276485788,9.40959409594094,17.09787816564,20.7328447500438
"325",56029,0,4.39719275131174,6.93200115134194,3.29243353783231,11.1038732394366,17.0239561943874,25.1418372908122
"326",55974,1,4.72373188405797,5.80319861954811,3.01510721247563,9.76305220883533,17.056810403833,24.4244712486217
"327",55967,1,13.0914855072464,8.57497305520072,1.26656920077973,12.4598393574297,17.0075290896646,27.3392765810052
"328",56046,1,4.98888888888889,4.60777777777778,2.42222222222222,8.02777777777778,17.0403832991102,23.9606075575029
"329",56054,1,3.94444444444444,4.27418444935001,1.33137110620554,6.39444444444444,17.0239561943874,22.1141975308642
"330",56022,0,2.8,5.59555555555556,1.92222222222222,8.07777777777778,17.0458590006845,19.7645986121739
"331",56005,0,6.47757205926544,5.1857538498416,2.70711201999546,9.18838028169017,17.0102669404517,21.6355663135264
"334",56048,1,6.87055555555555,5.88241013317144,1.17733089579524,8.43385214007783,17.0239561943874,29.8650303675751
"335",55978,1,2.99444444444444,4.09555555555556,2.07222222222222,6.76666666666667,16.8514715947981,21.8314926166312
"336",56038,1,2.73333333333333,5.07555555555555,2.33333333333333,7.95555555555555,17.0349075975359,19.7076760562524
"337",56055,0,2.65428743961353,4.68704335521593,2.66764132553606,7.88554216867472,17.0020533880903,29.9933326035685
"338",56023,0,11.3555555555556,7.68601422614667,2.08731910718666,12.0444444444444,16.9993155373032,22.3254698746838
"339",56050,1,5.6,8.69666666666667,2.18888888888889,12.0055555555556,16.7939767282683,29.8249927388165
"342",55995,0,3.71219931271478,6.75944371698106,2.52876776147217,10.0306513409962,16.9007529089665,24.9019927345225
"344",56069,0,4.30444444444444,6.19464088718361,2.18781623153208,9.24334600760456,16.8240930869268,25.2071059416923
"345",56085,0,4.55277777777778,6.08371924619128,3.05430819420457,10.0485829959514,16.9363449691992,20.9002676945036
"346",56146,1,4.97524467472654,5.31704212328609,2.35392456676861,8.666015625,16.8131416837782,23.5419547612069
"347",56114,0,6.69902634593355,7.34950888734055,2.04019404019404,10.7295081967213,16.7912388774812,37.73177456772
"348",56062,1,3.79035087719298,4.64832154791741,1.42902494331066,6.83541666666667,16.7775496235455,20.8122528924992
"349",56164,0,4.35672514619883,6.48921446642611,1.42277383766746,8.78333333333333,16.7392197125257,18.7699751614686
"350",56263,0,3.55191256830601,5.751986249765,1.99536070517281,8.45772946859906,17.138945927447,29.9398497596696
"351",56153,0,4.01472222222222,6.24504535922411,1.90487904879049,8.952868852459,16.7638603696099,23.1358156046309
"353",56087,1,4.25990903183886,4.71961984847856,1.44089834515367,7.0125,16.703627652293,21.9598765432099
"354",56213,1,3.76638888888889,4.67443081437041,1.73018614469392,7.15789473684211,16.6707734428474,22.5832428836525
"355",56112,0,6.91194444444444,4.12759823967092,1.63140631406314,7.14139344262294,16.6707734428474,22.5591715976331
"356",56159,1,5.50474254742547,7.35669163973856,1.66041540633192,10.1180555555556,16.8158795345654,18.2651216305062
"359",56194,1,3.82817243472981,4.08130156138339,2.47552771978659,7.32246376811594,16.6762491444216,27.8853088077981
"360",56525,1,2.34722222222222,4.41597216442025,2.48531829927179,7.3707349081365,17.1937029431896,18.7303370419249
"361",55923,0,4.65345345345346,3.64139269836696,1.65736866573687,6.2294520547945,17.0896646132786,27.1321603645538
"362",55962,0,9.04257246376811,4.55568005894093,2.9890873015873,9.35328185328183,17.1033538672142,20.3224471466685
"363",56059,0,3.43120322394934,7.46728777421528,3.13798449612403,11.2915129151292,17.0841889117043,17.7571963170489
"366",56008,1,2.87222222222222,6.76444444444444,2.72777777777778,10.0666666666667,17.0130047912389,21.3267188523229
"367",56017,1,6.37222222222222,6.97,1.67777777777778,9.92222222222222,17.0212183436003,28.6846670907997
"368",55977,1,4.67501439263097,6.38155707305383,1.84750254841998,9.1640625,17.0650239561944,22.7920227920228
"370",56084,0,3.19444444444444,6.71666666666667,3.04444444444444,10.4,16.8596851471595,23.5969387755102
"371",56057,0,3.18694444444444,3.94778536887362,2.78364703501316,7.36882129277567,17.0020533880903,19.2481269711013
"372",55994,0,2.56666666666667,4.36444444444444,2.99444444444444,7.87222222222222,16.8240930869268,24.3238312736904
"373",56042,1,3.50555555555556,4.28777777777778,2.02777777777778,7.01666666666667,16.7857631759069,16.1899535123967
"374",56140,1,2.77305555555556,3.225611485106,1.84335154826958,5.62357414448667,16.8104038329911,21.6445118734735
"375",56061,0,3.38831318364997,6.85028596482455,1.66931702344547,9.197265625,16.8158795345654,19.9897126626097
"376",56141,1,8.87514318442155,3.65152749049149,2.16770616770617,7.59426229508194,16.8021902806297,36.5825471131429
"377",56094,1,7.75497076023394,4.85264813820265,1.91927437641723,8.32291666666667,16.7912388774812,20.9360171451155
"378",56237,0,3.06277777777778,7.7764611383425,1.65956630205335,10.0485829959514,16.8323066392882,20.0315231957467
"379",56122,1,4.74358974358974,4.96402875916061,2.24971827811584,8.16246498599439,17.138945927447,18.6831714346717
"381",56079,0,2.69585253456221,5.54767622123863,2.86111111111111,8.94795783926217,17.3415468856947,31.0246570721158
"382",56138,0,1.98473034437947,5.93393947091922,1.92119779353822,8.25208333333333,16.7364818617385,20.8576585443767
"383",56105,0,3.24333983105913,5.02335725049424,1.6946414499606,7.36666666666667,16.7091033538672,19.6073673226722
"384",56081,0,5.18300653594771,5.24787032397469,2.21941941941942,8.50389105058367,17.3114305270363,21.9869443283534
"385",56221,0,8.81583333333333,5.26009539886428,1.23584724620994,8.25910931174089,16.6789869952088,26.4616439281106
"386",56165,1,4.71833333333333,3.86716349081524,2.57441574415744,7.38524590163933,16.6379192334018,18.543677260745
"387",56214,1,4.92527777777778,5.02572805637892,1.6879868798688,7.69877049180328,16.5585215605749,19.0019428344401
"388",56190,0,4.14389799635701,2.97499840038569,3.91602876362793,7.719806763285,16.9171800136893,23.4179202865654
"391",56167,0,3.1433506044905,5.96977972789178,2.25519160779277,8.85364145658261,16.9034907597536,28.1349448831046
"392",56200,0,3.17073170731707,4.09819510842568,1.69751966122202,6.42986111111111,16.7173169062286,22.0401828930773
"395",56201,0,8.17013888888889,5.29945669512533,1.68645973909132,8.61994421199444,16.7775496235455,26.1257209724541
"396",56242,1,3.80952380952381,6.43646915213272,1.77732053040695,8.97569444444444,16.6105407255305,19.9222716291446
"397",56170,1,4.84126984126984,7.32786514468611,1.43026977594879,9.72638888888889,16.6160164271047,20.030310124227
"398",56316,0,4.65695203400122,5.23714584525466,1.74994200881466,7.91847826086955,16.6160164271047,25.8270810599715
"399",56486,1,3.34027777777778,6.96405981494344,1.67611336032389,9.30822873082289,16.6269678302532,23.8611381111965
"400",56347,1,3.66724237190558,7.2572023138725,2.24534360950546,10.2359943977591,16.5749486652977,23.1869001928529
"401",56300,1,3.36787564766839,6.43049180231294,1.78248769000214,8.88655462184872,16.5941136208077,24.0855029919305
"403",56328,1,3.72759856630824,5.40987481169809,2.01851851851852,8.17391304347828,16.5475701574264,22.7647136083066
"404",56337,1,2.03020993343574,6.31303281934417,2.07407407407407,8.79314888010539,16.5256673511294,21.6708519972181
"405",56305,1,3.3562091503268,4.09624433314065,2.09049049049049,6.8579766536965,16.5284052019165,21.0468319559229
"406",56338,1,6.16013071895422,3.97464979284618,1.62082082082082,6.82749675745783,16.5256673511294,18.859300640917
"407",56416,1,4.35688405797102,6.114404768305,1.57342047930283,8.55920205920205,16.5503080082136,19.6791405582614
"408",56330,0,5.94771241830067,4.71026666400894,1.44584584584584,7.34565499351489,16.5229295003422,20.5266717637253
"409",56266,1,3.01633986928104,5.69237007664567,1.93393393393393,8.22957198443578,16.5530458590007,22.861721688491
"410",56421,0,3.14166666666667,5.72027505762289,2.10152284263959,8.45013123359578,16.5941136208077,22.0185500630592
"411",56314,0,5.59409120102761,4.73867054606324,1.24047039740471,7.09795918367344,16.5776865160849,22.3412567306636
"412",56434,1,3.68333333333333,4.71514452342505,2.04228329809725,7.494094488189,16.6050650239562,19.7782439956121
"413",56364,0,4.53342953342953,6.48551997566705,1.38112745098039,8.77333333333333,16.8761122518823,21.2874265352399
"414",56396,1,7.57168458781361,5.52401468422661,2.09000861326443,9.12836021505378,16.498288843258,18.8708505694737
"415",56465,1,4.63391136801541,5.84583636022517,1.82806163828062,8.60068027210883,16.5256673511294,23.6427919991231
"416",56404,0,6.86111111111111,4.350381082649,1.39565395653957,7.11825726141078,16.5585215605749,21.9478737997256
"417",56437,1,6.55427103403983,6.68750387121644,1.08191403081914,9.08027210884356,16.5092402464066,35.0050533989915
"418",56350,1,2.29091995221027,4.74741602067183,1.74332472006891,6.94892473118278,16.5010266940452,26.027216276919
"419",56358,0,11.7308927424534,5.57085308167961,1.48296836982968,9.4,16.5119780971937,22.0975670835589
"421",56388,0,3.61111111111111,4.56030669188564,1.97615834457939,7.25868725868728,16.5749486652977,19.6178120898733
"422",56366,1,3.03885853066181,5.11087797216658,2.14528261336772,7.86393229166667,16.5886379192334,19.2048484643332
"424",56494,0,2.62928827444957,5.28518758006837,1.80555555555556,7.61660079051383,16.4161533196441,26.7453011820606
"425",56370,1,3,5.06633862433862,1.50899470899471,7.17533333333333,16.5557837097878,22.3114017703792
"426",56406,0,3.29012345679012,4.31728658830108,1.58858858858859,6.56389986824767,16.5010266940452,27.0269202197894
"427",56398,1,6.13888888888889,3.14100206926294,1.26626626626627,5.635046113307,16.5065023956194,21.305700899422
"428",56428,1,7.17708333333333,7.19804902483672,1.73513735137351,10.3686030428769,16.517453798768,25.6214731341965
"429",56432,0,2.55555555555556,5.07153439153439,1.9373544973545,7.52,16.5913757700205,22.3604537226847
"430",56414,1,3.93570536828964,4.86231173368962,2.21412505623032,7.86357786357789,16.476386036961,21.1960495067268
"431",56355,0,2.84619594964423,6.77980539605839,2.05095541401274,9.4,16.5639972621492,24.0567416192932
"433",56352,0,3.28611111111111,5.73674984049161,1.47020116563264,7.86417322834644,16.5092402464066,20.8442380602082
"434",56482,0,5.89743589743589,3.89289059974952,2.5634765625,7.63585434173672,16.6872005475702,18.6477702594704
"435",56431,1,6.42777777777778,5.90360811176905,2.05476992143659,9.24393358876117,16.5530458590007,28.9076524752846
"436",56375,1,5.57367149758456,4.13136558187709,2.31503267973856,7.56113256113256,16.5448323066393,21.0656531248879
"437",56422,0,2.63611111111111,6.05146242189272,1.68640721940214,8.26509186351706,16.5147159479808,18.2745935682924
"438",56368,1,4.78864734299517,7.650159933408,1.40305010893246,10.0109395109395,16.5585215605749,20.6025675149976
"439",56400,1,3.07692307692308,4.39749944448933,2.392578125,7.40546218487394,16.933607118412,17.6315590213516
"440",56378,1,3.23754789272031,5.56024036247978,2.12691672564284,8.33466666666667,16.5749486652977,19.9852661814216
"441",56433,0,4.83888888888889,5.755775765316,2.55039281705948,9.27394636015328,16.5639972621492,20.2249589969041
"442",56424,0,4.07407407407407,5.72673015873017,1.47978835978836,8.02133333333333,16.5941136208077,22.887902695595
"443",56444,1,6.86703096539161,5.77824952081622,1.74110384894699,8.89275956284155,17.0239561943874,23.4799194445079
"444",56409,1,3.75555555555556,5.43152366577654,2.25095398428732,8.43358876117494,16.5366187542779,18.9993380651477
"445",56493,1,3.53741496598639,5.12858166833134,1.72047244094488,7.5565371024735,16.6132785763176,22.2082096505179
"446",56394,1,4.37602627257799,5.61440267188211,2.40905874026893,8.89866666666667,16.5667351129363,20.8460539555043
"447",56501,1,3.47041847041847,6.07136401833461,1.19321895424837,7.95866666666667,16.6023271731691,19.2746913580247
"448",56427,1,5.1218820861678,6.14759833150589,1.07655293088364,8.24852767962311,16.5913757700205,24.6952947845805
"451",56461,1,2.72005772005772,6.22458322723028,1.22140522875817,7.99,16.6379192334018,21.9866781175273
"452",56403,1,5.30833333333333,5.26336075458855,1.63166549213061,7.95669291338583,16.6187542778919,19.6668220880189
"456",56467,0,4.26767676767677,5.09103742919688,2.62114537444934,8.56571815718156,16.788501026694,23.0424136683186
"457",56478,1,2.50566893424036,4.20024563436385,2.16316710411198,6.86454652532389,16.5311430527036,21.2537458899493
"459",56435,1,6.30448127685694,5.01721812711675,2.05257344819969,8.33068783068783,16.5475701574264,23.2528954067912
"460",56462,0,5.16388888888889,5.0682485077843,2.00986610288936,8.11089238845145,16.5749486652977,41.8913792426824
"461",56488,0,3.51481481481482,4.36958627482496,1.93622269203664,7.00877192982455,17.7577002053388,22.5933592389798
"462",56514,1,3.93939393939394,4.44329726837517,1.90161527165932,7.13279132791328,16.7556468172485,27.001174838352
"463",56528,1,11.5680615680616,8.124312522989,1.62540849673203,12.0633333333333,16.5557837097878,27.1683306002925
"464",56463,0,3.07151979565773,5.35818167305236,2.62751436781609,8.6,16.7529089664613,23.0741938884975
"466",56703,0,3.28651685393258,5.22222966448422,1.69696969696969,7.57650273224044,16.7118412046543,17.0182080403822
"467",56450,0,3.52996254681648,4.95902515360519,3.0993265993266,8.76434426229506,16.7419575633128,16.6379160754933
"468",56537,0,3.11778992106861,4.74151755419837,3.43137254901961,8.79644808743167,16.7939767282683,17.231170723097
"470",56617,0,3.20075757575758,4.97154651500145,2.69230769230769,8.30400572246067,16.7748117727584,24.4634670777719
"471",56530,1,2.25694444444444,4.42221367197699,3.12782805429864,8.0014306151645,16.7994524298426,25.0921550804434
"472",56521,1,6.06837606837605,5.21954651251526,1.95963541666667,8.39285714285717,16.684462696783,23.6441045157231
"473",56572,1,2.99939283545841,3.63094366465469,2.41466957153232,6.64549180327867,16.7556468172485,20.3150598613737
"474",56475,0,2.33901515151515,4.83978732178366,2.25678733031674,7.56437768240344,16.7748117727584,20.2679814821785
"475",56550,0,5.46654389195826,5.65078256538755,2.40825688073394,9.15234822451317,16.7775496235455,31.5090312452546
"476",56591,0,3.63042186571598,6.15029870449511,2.00139470013947,8.87777777777778,16.7501711156742,28.0561243039739
"477",56751,0,6.34438305709022,7.02375950573572,2.52866972477064,10.8213058419244,16.7748117727584,25.9277402595876
"478",56595,0,3.05269186712486,4.33359322543423,3.31492637215529,8.2590579710145,16.7310061601643,23.744143881872
"479",56556,0,9.764121663563,6.27907459031411,2.13670411985019,10.3686030428769,16.829568788501,26.0344529085873
"481",56624,1,3.63128491620112,6.47810374841783,2.18913857677903,9.39349930843706,16.8323066392882,23.4874032929974
"483",56495,1,5.62184343434344,3.26995816388881,2.19713656387665,6.59146341463417,16.7748117727584,23.512512111343
"485",56548,1,3.63084395871281,3.73274789575818,2.12236746550472,6.58128415300544,16.7748117727584,21.5094316314359
"486",56499,0,3.98042929292929,5.92533582332561,3.06184012066365,9.78326180257511,16.7912388774812,22.4077861494653
"487",56549,0,6.55130540376444,4.68764807076443,1.93173565722586,7.92964480874317,16.7583846680356,19.4970199088627
"488",56630,0,3.93939393939394,5.41488268671859,1.598857958601,7.80161943319839,16.9226557152635,32.334252922906
"489",56590,0,5.09803921568627,6.34706922674056,2.21092077087794,9.57759784075572,16.7446954140999,19.7327581092427
"490",56726,1,4.87987987987988,7.55964972924639,1.92401960784314,10.4596453130655,16.8514715947981,40.4223391995222
"492",56632,1,2.41981672394043,3.18302344294254,2.57697456492637,6.243961352657,16.8049281314168,21.792038252165
"493",56553,1,3.36007130124777,6.13529131190956,2.29428172942817,9.10158730158728,16.6543463381246,25.0238978224204
"494",56584,1,5.62162162162161,4.94818630970669,2.06095041322314,8.13346104725417,16.7693360711841,27.8559501477847
"495",56603,0,3.78870673952641,3.82092363385163,2.24883177570093,6.82749675745783,16.8542094455852,29.2417452504995
"497",56646,1,7.07777777777778,2.43037993150601,2.14587737843552,5.99181286549705,17.1827515400411,29.3980408952773
"498",56708,0,3.78870673952641,3.71436672875205,2.50778816199377,6.97989623865111,16.7200547570157,19.9038176744624
"499",56693,1,5.23123123123123,4.12246932987184,1.83520599250936,7.00392156862744,16.807665982204,27.9325370392564
"500",56677,1,2.76259866423801,3.76793282906374,2.3851246105919,6.70557717250322,16.7063655030801,26.6109254234901
"501",56670,0,6.20720720720722,6.403914203531,1.76470588235294,9.41006152732539,16.9390828199863,21.3145988959191
"502",56655,1,2.92792792792793,4.09908687188817,2.08333333333333,6.76800579080711,16.9281314168378,24.5811803446224
"503",56661,1,3.81944444444444,4.70712971885707,2.45411160058737,7.92513020833333,16.7529089664613,18.3695935989839
"507",56709,0,4.60276338514681,4.26102838804598,2.44246473645137,7.62404580152672,16.7446954140999,21.1809168749044
"508",56678,1,2.02072538860104,4.34728728257153,2.66332590942836,7.41475826972011,16.7446954140999,22.4685259222555
"509",56654,1,2.44753086419753,1.73575441709174,4.38955422488357,6.61481481481483,16.8268309377139,21.7321391021826
"510",56700,1,3.09027777777778,4.40616204723446,2.19713656387665,7.22135416666667,16.7556468172485,22.850650170433
"512",56652,0,4.21111111111111,4.03,3.26666666666667,8.13888888888889,17.3552361396304,21.2914711061086
"513",56695,1,5.2,3.07548533066281,1.73890063424947,5.85438596491228,17.1635865845311,20.5119474971967
"515",56701,1,11.7,5.24958742875512,2.19520789288231,9.78479532163744,17.1444216290212,32.0556491806806
"516",56627,1,4.47777777777778,3.05931258731748,3.21881606765328,7.17368421052633,17.1444216290212,20.0917429988886
"518",56649,0,3.24024024024024,5.27289253231004,1.71568627450981,7.63662685486789,16.8761122518823,23.0626437452778
"521",56680,0,8.12012012012011,4.61204118857787,2.05805243445693,8.29411764705883,16.7282683093771,30.121107266436
"522",56666,0,4.20054200542006,4.58197703662643,1.94886363636364,7.37094907407405,17.305954825462,21.6037936261608
"523",56675,1,5.73873873873872,5.72244875647828,1.96078431372549,8.8309808179515,16.8405201916496,27.0500788852779
"524",56713,1,5.23891767415083,4.23631400734725,2.13066072754269,7.41475826972011,16.6516084873374,21.7704459718513
"525",56690,1,2.6,3.95174313514583,1.84989429175476,6.32163742690061,17.0431211498973,21.490445017523
"526",56699,0,5.02627627627628,2.77071754872702,3.35263157894737,7.12860438292967,17.1581108829569,20.8403968741923
"528",56697,0,3.65036231884058,6.16106405047972,2.13386348575216,9.025,16.7912388774812,19.9632690541781
"529",56658,1,6.19744744744744,3.69210159895827,1.81754385964912,6.74913494809689,17.1444216290212,27.7600623582766
"530",56714,1,4.49970913321699,6.26503622715578,2.11508852963818,9.28006658343739,16.7337440109514,24.4155939179578
"531",56756,1,6.39264264264267,4.32953314815453,2.98421052631579,8.59227220299883,17.0677618069815,20.7007968163854
"532",56698,1,6.0185185185185,5.79948990907072,1.87458416500333,8.87777777777778,16.7227926078029,22.4171809475952
"533",56643,1,6.92942942942944,3.44280955513882,2.00175438596491,6.83044982698961,17.0869267624914,20.0826079663849
"534",56683,1,6.94894894894894,6.22762308198217,2.00980392156863,9.62721679334055,16.7994524298426,23.8009686352743
"535",56651,1,3.43543543543543,4.22699553836266,2.07107843137255,6.98516105682228,16.8377823408624,27.4493218474495
"536",56776,0,4.58839406207827,5.97132818295544,3.37221095334686,10.2612179487179,17.3223819301848,23.4810148032358
"537",56774,1,7.41481481481483,3.11387444415596,1.86222692036646,6.45906432748539,17.015742642026,29.2866098453667
"539",56773,1,4.29429429429429,5.37885740411692,1.86666666666667,8.10438292964244,17.0321697467488,25.5906038257953
"540",56788,1,11.0285285285286,2.89491348934073,2.27192982456141,7.37254901960783,17.0294318959617,21.5466666666667
"542",56742,1,3.11653116531166,3.78615294202184,3.28787878787879,7.69733796296294,17.1772758384668,17.5089266960723
"543",56783,0,7.27190605239383,4.7212290588815,2.69128787878788,8.86689814814817,17.1800136892539,19.1641350153712
"544",56789,0,6.74763832658572,5.99036545373422,2.34279918864097,9.68269230769233,17.2785763175907,21.4401560988858
"545",56764,1,10.4746136865342,3.88289746862803,2.29838709677419,8.27620730270906,17.1827515400411,30.7374669947627
"546",56744,1,3.75,3.52026604068858,2.77973395931142,7.05,17.0951403148528,24.3813503063144
"547",56760,0,10.2114260008997,4.3429640586748,1.56186612576065,7.94711538461539,17.1444216290212,26.958361434207
"549",56775,0,6.82023486901533,4.68514284101174,3.0625,9.11168981481483,17.0814510609172,27.4561845055599
"550",56791,1,4.94826810616284,5.41941955711039,1.75118323191346,8.16025641025639,17.1362080766598,31.1454565792588
"551",56752,1,3.37381916329285,5.60225871376056,1.60919540229885,7.88621794871794,17.119780971937,23.0856190872851
"552",56768,0,4.06504065040651,4.15190138170321,2.67803030303031,7.64293981481483,17.0403832991102,21.6058032116064
"553",56766,0,2.39385727190605,5.77543729982755,3.10227272727273,9.3564814814815,17.0622861054073,23.729149318587
"554",56792,0,2.97385620915033,5.75471315608433,2.75711159737418,9.10659599528856,17.0759753593429,30.019612511195
"555",56769,0,7.50544662309367,4.86546110283743,2.79540481400438,9.16195524146056,17.0431211498973,25.3988387343066
"556",56770,1,5.61728395061728,5.22990783243417,2.31035740335522,8.66372202591283,17.015742642026,18.5081718961223
"557",56739,1,3.06826434277414,4.42815587541735,2.34865061998541,7.39045936395761,17.0376454483231,19.1943468337033
"558",56785,1,5.42846768336964,3.53273901236691,2.74434719183078,7.36277974087161,17.0020533880903,20.1538629770883
"559",56793,1,6.07287449392711,6.31637116664339,2.21264367816092,9.74358974358972,17.0458590006845,23.6064740891276
"560",56786,1,8.40232389251995,4.82766165676674,1.51896425966448,8.02709069493522,16.9856262833676,25.3174947649966
"561",56755,1,4.11522633744856,3.34870826642187,2.92974588938714,7.10149942329872,16.9774127310062,20.6119000070459
"562",56763,1,6.5613652868555,4.13813713044157,2.10612691466083,7.5565371024735,16.9007529089665,20.244934121228
"565",56384,1,5.41666666666667,6.3646561399435,2.09607182940516,9.544061302682,16.5694729637235,22.1318114586507
"566",56730,1,2.92792792792793,3.83065310803428,2.46842105263158,6.88465974625144,17.1170431211499,25.6477650247986
"567",56533,0,4.81481481481482,5.5363904853129,2.30064655172414,8.8,16.7775496235455,24.0859308810183
"568",56484,1,2.46993746993747,5.58244714653539,1.85089869281046,7.92733333333333,16.5859000684463,23.3868173338028
"569",56534,1,2.5012025012025,5.78266472851767,1.17442810457516,7.45733333333333,16.5886379192334,33.4887628649443
"571",56469,0,2.97017797017797,5.89899054975528,1.55964052287582,8.05266666666667,16.5831622176591,20.821302449111
"572",56526,1,2.31111111111111,3.11377346572677,2.34031936127744,5.91631504922644,16.7501711156742,20.4880161479154
"573",56518,0,4.0031746031746,6.39305786257506,2.06087824351297,9.25457102672294,16.7446954140999,29.5381278435727
"574",56535,1,3.97065897065897,5.62049238887472,1.4187091503268,7.83333333333333,16.5886379192334,18.7779594751666
"575",56454,1,4.60727969348659,6.090469348659,2.28807471264368,9.3,16.7446954140999,24.3077189034266
"576",56479,1,4.74358974358974,3.42490611028065,1.58365885416667,5.95728291316528,16.7611225188227,21.7259507179696
"577",56725,0,3.76068376068376,7.79132711778622,1.85709635416667,10.4005602240896,16.7392197125257,25.4444680485893
"578",56527,0,4.81481481481482,5.04446875940144,2.54052149400987,8.54795321637428,17.7303216974675,24.5798438207334
"579",56540,0,4.14529914529914,5.53325306484773,2.98502604166667,9.34733893557422,16.7337440109514,25.6627024232524
"580",56487,0,4.25204425204425,8.77928069207483,1.96364379084967,11.5933333333333,16.5311430527036,31.6781065088757
"581",56472,0,11.7521367521368,7.89312241322811,2.16471354166667,12.4082633053221,16.7337440109514,30.1979009434401
"582",56448,1,3.69318181818182,5.05900698724648,1.94016152716593,7.73780487804878,16.8104038329911,21.287611452598
"583",56496,1,5.59925093632961,6.94234968026183,2.05050505050505,10.1127049180328,16.766598220397,31.6478587962963
"584",56489,0,2.70833333333333,4.57268220923232,2.34917043740573,7.46351931330472,16.8432580424367,28.122090017517
"585",56497,0,3.50427350427351,5.66020261269572,2.4267578125,8.78781512605044,16.7310061601643,23.8654259858055
"586",56520,1,2.86324786324786,4.66554414233642,3.41796875,8.656162464986,16.7008898015058,19.9299066374929
"588",56513,0,10.4700854700854,4.22400581827282,2.10774739583333,8.42577030812322,16.6899383983573,30.8465810026667
"589",56481,0,3.37606837606838,6.59982407426111,2.03938802083333,9.31442577030811,16.6789869952088,22.4447479879325
"590",56612,1,10.6381381381381,3.32869483943969,1.78070175438597,7.23702422145328,17.6673511293634,22.9044749111121
"591",56459,1,4.47285353535353,5.74272439936056,2.78817914831131,9.42547425474256,16.7693360711841,25.719989270994
"592",56473,1,2.21911855990068,5.3605960744901,3.26404494382022,9.06846473029044,16.8733744010951,22.1581451162681
"594",56498,1,3.93939393939394,6.04537848333606,3.28619909502262,10.1194563662375,16.7720739219713,21.7864403297588
"595",56564,0,3.05109922756982,4.40192445858345,2.12348322626695,7.13562753036439,16.8815879534565,23.8140522087134
"596",56635,1,3.59137826350941,3.6342756288915,2.38925199709513,6.7418032786885,16.7529089664613,19.7773576979626
"597",56474,1,2.09807572936064,4.31180201421303,2.51685393258427,7.24827109266944,16.7939767282683,21.5743944636678
"598",56582,1,9.64307883302294,6.30674097108328,3.30337078651686,11.5387275242047,16.7857631759069,20.5494188415767
"599",56483,0,5.64359441408622,7.212007571699,3.08823529411764,11.4289617486339,16.7912388774812,23.8486468536233
"600",56596,0,4.47858472998138,6.33739415475433,2.64794007490637,9.881051175657,16.7529089664613,17.9615920557942
"601",56573,0,4.03476101800124,4.96097015486246,2.16292134831461,7.93084370677733,16.7501711156742,22.0168840719393
"602",56598,0,3.43155310006139,6.30133085670517,2.62232415902141,9.60996563573883,16.766598220397,21.2720676052389
"603",56606,1,6.536312849162,4.30603719550242,1.99250936329588,7.60580912863072,16.7337440109514,31.7063277447269
"604",56621,1,2.91282995702885,4.41726061094613,3.31804281345565,8.31786941580755,16.7446954140999,19.056569295429
"605",56567,1,14.5216874628639,5.31812603491166,2.17224546722454,10.394708994709,16.7611225188227,39.431163334458
"606",56551,1,3.91037446286065,5.04453796827888,2.03363914373089,7.86025200458189,16.7419575633128,22.9341676556191
"607",56543,1,2.96696696696697,3.69655151018787,3.54338842975207,7.83333333333333,16.8651608487337,23.2698961937716
"608",56555,1,7.95603089720739,6.87279616719683,2.45292887029289,10.9169312169312,16.7501711156742,24.1394999902283
"609",56613,1,3.43731431966726,4.84652354327471,2.02580195258019,7.55978835978833,16.7419575633128,22.8950564962816
"610",56575,0,4.41141141141141,4.07030524397296,2.94077134986226,7.8933588761175,16.8514715947981,26.1925215386412
"611",56563,1,6.17944147355911,4.47104457856839,1.9361170592434,7.64304993252361,16.7392197125257,18.6760843790193
"612",56684,0,3.16696375519905,4.90629405450973,1.78622412562456,7.32591093117411,16.7282683093771,25.3566632049255
"613",56615,0,5.26111111111111,7.15,2.58333333333333,10.7888888888889,16.7775496235455,29.2467654447468
"614",56614,0,4.07706093189964,5.92276311983178,2.63715277777778,9.3753280839895,16.7912388774812,32.2790870740069
"615",56544,0,3.11778992106861,5.35048652649576,3.35280373831776,9.32684824902722,16.8815879534565,33.932553182962
"616",56599,0,5.13666072489602,6.5555828925735,2.24839400428266,9.83130904183533,16.7091033538672,29.672514834944
"617",56616,1,2.44623655913978,5.53869450794457,2.57638888888889,8.60433070866144,16.7583846680356,18.9471898362407
"618",56696,0,4.16953035509737,4.48457073475435,3.87717536813922,9.19565217391306,16.829568788501,19.9356941078427
"620",56631,1,9.4920634920635,5.07261773796427,1.73267326732673,8.70370370370372,16.8323066392882,29.2074268729854
"621",56579,0,7.26168791742561,3.93962060893399,2.16705607476636,7.5590142671855,16.8350444900753,32.3899067430093
"622",56653,0,4.97013142174433,8.59931361066428,2.1875,11.7808398950131,16.7282683093771,24.036720958203
"623",56633,0,2.38138138138138,4.18847204286075,2.86845730027548,7.5332056194125,16.7200547570157,24.7420614215981
"627",56546,0,4.33333333333333,8.03145664346083,1.88725490196078,10.7853782120883,17.0814510609172,21.7685628307341
"628",56626,0,4.41141141141141,5.4669598780884,1.90426997245179,8.2535121328225,16.6926762491444,23.0659296944143
"629",56561,0,5.34834834834835,5.13234657427448,2.71177685950413,8.91379310344828,16.6899383983573,19.4140625
"630",56593,1,3.96660909614277,4.20745174033553,2.23459539717892,7.235368956743,16.7775496235455,20.5413184262377
"631",56619,1,2.72313296903461,3.26063602180334,3.5708722741433,7.37613488975355,16.7337440109514,21.0819456142633
"632",56731,0,5.23891767415083,3.40500666334842,3.26095025983667,7.71374045801528,16.7611225188227,19.1493907432068
"633",56676,0,2.22522522522523,5.03151366832794,3.00187265917603,8.478431372549,16.8514715947981,18.8518360314668
"636",56717,0,4.02777777777778,3.62172036047704,4.13536776212833,8.56264367816094,17.4346338124572,21.4316995891851
"638",56639,0,7.95420420420422,4.71002724633211,2.34561403508772,8.64648212226067,17.2594113620808,26.3062615303633
"639",56668,1,11.3950617283951,3.71409033784283,2.01430472388556,8.00740740740739,16.8350444900753,24.9010392106189
"640",56638,0,5.87939698492461,4.30281162811058,1.63201008191557,7.11070110701105,16.7775496235455,21.3148355290793
"641",56718,1,2.39493379389752,4.05674715939886,2.8192279138827,7.35496183206106,16.72553045859,17.5292445669435
"642",56694,0,3.33024691358024,4.17074739410068,2.50332667997339,7.34012345679011,16.7967145790554,22.4349872205769
"643",56710,1,5.612922705314,4.90318228654299,1.91351888667992,7.93928571428572,16.8487337440109,26.9555971676771
"645",56648,0,2.35901730876606,4.49663939847879,2.31568998109641,7.28413284132839,16.7310061601643,21.5316759550055
"647",56727,1,12.0851851851852,6.38224340508305,1.83756166314306,10.6368421052632,17.1526351813826,32.4092394155361
"648",56688,1,3.48013816925734,4.08655112471294,2.57238307349666,7.35496183206106,16.6899383983573,21.8738371334822
"649",56728,1,5.25617283950617,4.30797663931397,2.44510978043912,7.80432098765433,16.7775496235455,20.9237751047254
"650",56664,1,2.43235463442717,3.31814577860089,4.11841128433556,7.92302798982189,16.6817248459959,20.5413184262377
"652",56681,0,4.71851851851852,5.07500851023495,2.63918252290346,8.65789473684211,17.1088295687885,23.9331105105454
"653",56641,0,5.612922705314,6.3311525601395,2.24983432736912,9.70357142857144,16.7939767282683,30.5150921186701
"654",56673,0,5.07507507507508,4.15042540263812,2.50526315789474,7.67070357554789,17.1362080766598,24.9903883121876
"655",56689,0,3.20686540198736,4.14366479839041,2.55871212121212,7.34375,17.347022587269,25.7417843617474
"657",56729,1,2.83595113438046,7.89651805155572,1.93995381062356,10.4036620890553,16.7364818617385,21.7419021726228
"658",56667,1,3.12312312312312,5.83119385912067,2.23039215686274,8.68621064060806,16.8377823408624,22.4048738761396
"659",56659,1,2.92792792792793,5.94490663301739,2.08333333333333,8.61382555193628,16.8377823408624,26.264695895452
"660",56707,1,2.61561561561562,3.68074735014762,2.74509803921569,6.94896851248644,16.807665982204,23.2624795561858
"662",56740,0,5.48888888888889,6.28320710161589,2.2938689217759,9.67485380116961,16.9828884325804,30.8588740383002
"663",56741,0,2.83400809716599,6.20986985817639,2.44929006085193,9.22596153846155,17.2977412731006,25.2853952400579
"664",56780,0,6.24624624624622,6.06853136144706,2.87368421052632,10.1914648212226,17.0294318959617,28.944318468128
"665",56737,0,9.49167791273055,7.0719015839385,1.86950642325896,10.8397435897436,17.2511978097194,38.6364430977216
"666",56781,0,5.05871725383921,4.58421614519176,2.89015151515152,8.48611111111111,17.1827515400411,21.6217046985117
"667",56749,0,6.40370370370372,3.90915824915825,2.12121212121212,7.31111111111111,16.9171800136893,25.9995991203679
"669",56765,0,11.0211426000899,5.34359810400031,2.16531440162272,9.713141025641,17.2511978097194,36.046034299598
"670",56787,1,3.11653116531166,3.6770935985875,3.80492424242424,8.10532407407405,17.1663244353183,24.5525890002417
"672",56723,1,3.32883490778228,5.44813534329922,2.89891818796484,9.0128205128205,17.3086926762491,20.3752784650741
